#,Song,Artist,BPM,Camelot,Energy,Added At,Duration,Popularity,Genres,Album,Album Date,Dance,Acoustic,Instrumental,Valence,Speech,Live,Loud (Db),Key,Time Signature,Spotify Track Id,ISRC,Explicit
1,"MakeDamnSure - Live From Orensanz, New York, NY / 2010","Taking Back Sunday",125,2B,78,2026-04-25,04:09,30,"emo, pop punk, screamo, post-hardcore, punk","Live From Orensanz",2010-08-17,50,7,0,46,0,80,-7,F#/G♭ Major,4,3kprNlCNkGDpE6CeTb52vy,USWB11001684,no
2,"Cute Without The E - Cut From The Team","Taking Back Sunday",77,12B,32,2026-04-25,04:26,37,"emo, pop punk, screamo, post-hardcore, punk","Punk Goes Acoustic",2004-04-20,42,81,0,26,0,10,-9,E Major,4,3Gx7jAdpTsJzYpANTvlq3m,USADD0330510,no
3,"Vulnerable","Secondhand Serenade",180,8B,52,2026-04-25,03:20,56,"emo","Awake",2007-00-00,42,55,0,36,0,10,-6,C Major,4,1JJOL5EhixrtlbXDWKS0yj,TCABI1231057,no
4,"Your Biggest Fan","Never Shout Never",125,8B,31,2026-04-25,03:30,46,"emo","Me and My Uke",2009-11-03,74,94,0,53,0,10,-7,C Major,4,0L3di3gB5KlamEABLJK8KK,USSCU0800159,no
5,"New American Classic","Taking Back Sunday",88,9B,34,2026-04-25,04:35,43,"emo, pop punk, screamo, post-hardcore, punk","Where You Want To Be",2004-07-27,31,28,0,17,0,10,-9,G Major,4,7ElBuVj3aaxCizPgK1avW4,USVIC0422806,no
6,"Lyrical Lies","Cute Is What We Aim For",107,10B,27,2026-04-25,03:33,36,"pop punk, emo","The Same Old Blood Rush With A New Touch",2006-06-19,69,83,0,35,0,10,-10,D Major,4,2tQWm5Xvo87waN5CZmNm9f,US56V0608710,no
7,"The Best Deceptions","Dashboard Confessional",172,3B,40,2026-04-25,04:14,47,"emo, pop punk","The Places You Have Come to Fear the Most",2001-03-20,46,80,0,36,0,10,-9,C♯/D♭ Major,4,6yJl0W1IVV1DsTr0vfDY2e,USVR90235403,no
8,"Heregoesnothin","Never Shout Never",170,5B,98,2026-04-25,03:26,49,"emo","The Yippee EP",2009-07-03,49,13,0,26,40,10,-5,D#/E♭ Major,4,4eaLY5pOPsgKzs37woeTRz,US4K30800107,no
9,"All Fall Down","OneRepublic",92,9B,77,2026-04-25,04:06,34,"soft pop","Dreaming Out Loud (Deluxe Edition)",2026-03-20,52,19,0,44,0,10,-7,G Major,4,40QsFxz100z2qWqV20zuvz,USUM70758796,no
10,"All We Are","OneRepublic",158,10B,80,2026-04-25,04:27,31,"soft pop","Dreaming Out Loud (Deluxe Edition)",2026-03-20,41,5,0,38,0,20,-7,D Major,4,0kdXJVkOLJ2WvBswHSQOJ9,USUM70758797,no
11,"Just A Feeling","Maroon 5",150,5B,62,2026-04-25,03:46,50,"pop","Hands All Over (Deluxe)",2010-00-00,60,15,0,30,0,10,-5,D#/E♭ Major,4,2t2CoOfwakFAexhvMmWtTb,USUM71019661,no
12,"All Around Me - Acoustic","Flyleaf",147,11B,37,2026-04-25,03:20,32,"christian rock, christian alternative rock, emo","Flyleaf (Deluxe Edition)",2022-11-04,54,79,0,41,0,10,-6,A Major,4,6SgAezKm0d5BTRhhRxS4As,USUM70753920,no
13,"When I'm Small","Phantogram",92,6B,76,2026-04-25,04:09,74,"","Eyelid Movies",2010-00-00,65,19,10,42,0,10,-4,A#/B♭ Major,4,1U3BASc885MPCYOzYwOIpO,USBS50931058,no
14,"Someone Else's Bed","Hole",152,2A,72,2026-04-25,04:27,40,"riot grrrl, grunge","Nobody's Daughter",2010-01-01,31,0,0,40,0,10,-5,D#/E♭ Minor,4,1fTmjkJgR6k70qr4UJ1Aie,USUM71007986,no
15,"I Want You To Want Me","Letters To Cleo",104,8B,80,2026-04-25,03:25,56,"riot grrrl","10 Things I Hate About You (Original Motion Picture Soundtrack)",1999-04-06,49,2,0,66,0,0,-3,C Major,4,3JSlThUtSZKbwhO9dURnxB,USHR10215178,no
16,"Vindicated","Dashboard Confessional",86,4B,80,2026-04-25,03:21,64,"emo, pop punk","Dusk And Summer",2006-00-00,52,3,0,29,0,0,-3,G#/A♭ Major,4,1EotcFbWTbMCXeKFVEtX6Y,USVR90400024,no
17,"Cringe","Matt Maeson",126,7B,47,2026-04-25,03:36,71,"","Bank On The Funeral",2019-04-05,73,7,0,44,0,0,-8,F Major,4,12rhvKDK2FfHTZZ1sSAHDG,USAT21603312,no
18,"God Needs The Devil","Jonah Kagen",81,8A,53,2026-04-25,03:12,81,"folk pop, pop singer-songwriter","God Needs The Devil",2024-05-03,55,64,0,29,0,0,-8,A Minor,4,3nEotpBFeXq0OJstuHzwDP,USAR12400126,yes
19,"Devil Like Me - Audiotree Live Version","Rainbow Kitten Surprise,Audiotree",118,9A,38,2026-04-25,03:11,34,"math rock","Rainbow Kitten Surprise on Audiotree Live",2017-02-09,80,44,0,34,0,10,-11,E Minor,4,1nR4y4D5imW4jQfPV3TCd2,QM99V1700201,yes
20,"First Class","Rainbow Kitten Surprise",90,3B,34,2026-04-25,05:43,67,"","Seven + Mary",2013-11-13,55,58,0,22,0,0,-10,C♯/D♭ Major,4,0uQxV7ysuBPhbfUkW1WOCp,TCABT1491600,yes
21,"labour","Paris Paloma",84,10A,57,2026-04-25,03:57,73,"","labour",2023-03-23,65,40,0,44,10,30,-10,B Minor,4,2Ggr9IfS70wYQacW8nZKPG,CAN112300498,yes
22,"Cut Deep (Live)","Matt Maeson",163,9B,65,2026-04-25,03:12,25,"","That's My Cue: A Solo Experience",2024-09-27,54,41,0,77,10,80,-5,G Major,4,3WUzvLaGXKB3I4SNNzmCGq,USAT22405422,no
23,"Lonely As You","Matt Maeson",172,7B,69,2026-04-25,03:25,39,"","Never Had to Leave",2022-08-26,55,1,0,76,0,10,-5,F Major,4,2IGEPotTBIcmxM5SOFot6V,USAT22207425,yes
24,"Black Out Days - Future Islands Remix","Phantogram,Future Islands",170,9A,48,2026-04-25,04:08,66,"","Black Out Days (Future Islands Remix)",2017-09-01,48,0,78,12,0,10,-9,E Minor,4,3kxkjirben9RVm9NqYa6rm,USUM71415944,no
25,"Call Me When You're Sober","Evanescence",93,9B,88,2026-04-25,03:34,77,"alternative metal","The Open Door",2006-01-01,45,0,0,33,0,20,-4,G Major,4,663Karu2rvKLdnY0eo1n3M,USWU30600102,no
26,"My Happy Ending","Avril Lavigne",170,10B,94,2026-04-25,04:02,77,"","Under My Skin",2004-00-00,41,0,0,74,0,30,-2,D Major,4,6sqNctd7MlJoKDOxPVCAvU,USAR10400486,yes
27,"Bruised - 2015 Remaster","Jack's Mannequin",136,5B,92,2026-04-25,04:02,47,"pop punk","Everything In Transit",2005-00-00,48,1,0,36,0,10,-5,D#/E♭ Major,4,12ettGOse4b5vko513KTuX,USWB11507813,no
28,"Smelyalata","Never Shout Never",155,8B,56,2026-04-25,02:35,59,"emo","The Yippee EP",2009-07-03,38,49,0,45,0,10,-6,C Major,4,0yw5Mh0FqvrzWNMp7GH8wv,US4K30800109,no
29,"She Says","Howie Day",93,8B,49,2026-04-25,04:34,42,"","Australia",2000-11-01,44,49,0,24,0,10,-10,C Major,4,2MtlU2e5PmuKSrX5mhSjOO,QM7YK1500164,no
30,"How's It Going to Be","Third Eye Blind",80,7B,59,2026-04-25,04:13,75,"","Third Eye Blind",1997-04-08,56,0,0,57,0,10,-9,F Major,4,3Uvx1TO0Kg5HgGPk58lHXv,USEE19701206,no
31,"This Photograph Is Proof (I Know You Know)","Taking Back Sunday",158,9B,86,2026-04-25,04:11,56,"emo, pop punk, screamo, post-hardcore, punk","Where You Want To Be",2004-07-27,54,0,0,52,10,0,-5,G Major,3,3m1OyPw3fzMPAwDMcYcM6Z,USVIC0422804,no
32,"Dirty Diana - 2012 Remaster","Michael Jackson",131,5B,82,2026-05-04,04:40,89,"","Bad (Remastered)",1987-08-31,74,19,0,35,0,30,-4,D#/E♭ Major,4,0AcgKF7kbSoCkh3n7vlHwK,USSM11204988,no
33,"Smooth Criminal - 2012 Remaster","Michael Jackson",118,4B,98,2026-05-04,04:17,92,"","Bad (Remastered)",1987-08-31,85,25,47,60,0,30,-4,G#/A♭ Major,4,5T7ywazdGIydr6JCW6t02j,USSM11204989,no
34,"They Don't Care About Us","Michael Jackson",90,5A,91,2026-05-04,04:44,92,"","HIStory - PAST, PRESENT AND FUTURE - BOOK I",1995-06-16,86,21,1,73,10,30,-6,C Minor,4,3wuCCNCnBhJlwkIJTBZFiv,USSM19500629,no
35,"Beat It","Michael Jackson",139,2A,71,2026-05-04,04:18,97,"","Thriller",1982-11-30,78,2,0,90,0,20,-9,D#/E♭ Minor,4,3BovdzfaX4jb5KFQwoPfAw,USSM19902990,no
36,"Wanna Be Startin' Somethin'","Michael Jackson",122,11B,87,2026-05-04,06:03,87,"","Thriller",1982-11-30,84,3,42,91,0,0,-8,A Major,4,1hu2s7qkm5bo03eODpRQO3,USSM19902986,no
37,"Don't Stop 'Til You Get Enough","Michael Jackson",119,1B,82,2026-05-04,06:04,95,"","Off the Wall",1979-08-10,88,13,5,95,0,10,-10,B Major,4,46eu3SBuFCXWsPT39Yg3tJ,USSM17900816,no
38,"Victim Of Luck","Metric",101,5B,77,2026-05-04,03:23,54,"","Romanticize The Dive",2026-04-24,54,0,1,46,0,40,-6,D#/E♭ Major,4,3RD653TC0ewVZZNELdV79h,QMFMG2532673,yes
39,"Wild Rut","Metric",156,11B,76,2026-05-04,03:11,51,"","Romanticize The Dive",2026-04-24,42,0,10,47,0,20,-6,A Major,4,4skS0nACMaKGTPsrO4OLCO,QMFMG2532663,no
40,"Time Is A Bomb","Metric",137,6A,83,2026-05-04,04:24,53,"","Romanticize The Dive",2026-04-24,53,2,0,38,0,10,-6,G Minor,4,2hrTEv28VPdDPnwbFMokyz,QMFMG2532664,no
41,"Antigravity","Metric",168,6A,67,2026-05-04,03:39,52,"","Romanticize The Dive",2026-04-24,55,1,4,50,0,30,-8,G Minor,4,6WhS6vq4SFDnyFogNSgwsc,QMFMG2532670,no
42,"drop dead","Olivia Rodrigo",130,4B,74,2026-05-04,03:44,92,"","drop dead",2026-04-17,58,22,0,68,0,20,-6,G#/A♭ Major,4,6gkbtMtioHgtyGjrMel6ei,USUG12601721,no
43,"Fake It","Seether",132,4B,95,2026-05-04,03:13,37,"post-grunge, alternative metal, rock","Finding Beauty In Negative Spaces (Bonus Track Version)",2007-01-01,61,0,0,65,0,0,-4,G#/A♭ Major,4,1aItKhUXwDGVNQIMdsEv5u,USWU30700144,no
44,"Loneliest","Incubus",138,12A,57,2026-05-04,03:37,45,"nu metal, funk rock, alternative metal, alternative rock","8",2017-04-21,64,6,0,38,0,10,-6,C♯/D♭ Minor,4,1ShxNSFFxy1rSbnopgYpvx,USUG11700295,no
45,".intoodeep.","Dead Poet Society",125,4B,68,2026-05-04,03:39,57,"","-!- (Deluxe)",2021-12-03,60,0,0,49,0,30,-6,G#/A♭ Major,4,54jvLVojOWiQRubRfKmZ2k,GBUM72003959,yes
46,"My Way","Limp Bizkit",97,2B,86,2026-05-04,04:32,82,"nu metal, rap metal, alternative metal, rap rock","Chocolate Starfish And The Hot Dog Flavored Water",2000-10-17,58,2,0,61,0,60,-4,F#/G♭ Major,4,2gSVKxPDww9Eep5rdvtdem,USIR10001177,yes
47,"Fine Again","Seether",176,11A,86,2026-05-04,04:03,79,"post-grunge, alternative metal, rock","Disclaimer",2002-01-01,44,0,1,36,0,20,-3,F#/G♭ Minor,4,4eTIe5eqds88bA9ua6p5p6,USWU30200015,no
48,"Let It Out","Hoobastank",140,2B,97,2026-05-04,03:18,38,"nu metal","The Reason (20th Anniversary)",2024-01-12,45,3,0,48,10,20,-3,F#/G♭ Major,4,6mzOcLeJAgzszTUcaoXo5v,USIR20300698,no
49,"Running In Circles","Dead Poet Society",142,5B,84,2026-05-04,03:53,63,"","FISSION",2024-01-26,62,0,0,64,0,30,-3,D#/E♭ Major,4,4pEU0NT64oiem9lDT7nuJn,GBPVV2305351,yes
50,"Proud Daddy","Seether",180,4B,58,2026-05-04,03:54,53,"post-grunge, alternative metal, rock","Beneath The Surface",2026-04-17,60,0,3,53,0,0,-6,G#/A♭ Major,4,7GYhyz8hQ8btugI4Uj0wZH,USC4R2445115,no
51,"Words As Weapons","Seether",110,4A,90,2026-05-04,04:00,69,"post-grunge, alternative metal, rock","Isolate And Medicate (Deluxe Edition)",2014-01-01,59,1,0,61,0,0,-6,F Minor,4,0aYQsp1vZZcX0JBEJvKF7N,QMFMK1400003,no
52,"Hot Goblin","Em Beihold",123,9A,68,2026-05-04,02:38,52,"","Hot Goblin",2025-09-05,79,39,0,46,0,0,-4,E Minor,4,1AQlvpcPh79BKnoKe1E6Nw,USUM72509409,no
53,"Static Breather","Hamster",95,2B,46,2026-05-04,02:59,52,"","Static Breather",2026-01-02,87,23,1,45,0,0,-11,F#/G♭ Major,4,03Vy06Lbzt0prVs7Gu3SpY,QZFYX2664590,no
54,"We Bad, We Know","ZOI,Byfox",112,9B,59,2026-05-04,02:30,60,"","We Bad, We Know",2019-10-23,74,17,12,41,0,20,-7,G Major,4,2gGCt2yXxDxDITx19sxwJJ,TCAEM1913225,no
55,"Made You Look","ittibitti,Anna Graceman",112,11B,75,2026-05-04,02:46,58,"","Made You Look",2024-08-12,87,9,0,64,10,0,-6,A Major,4,76rB8JQ88jTJ7tNwh33faG,QZZ7S2554340,no
56,"PUMP THE BREAK","MORGXN",102,3B,54,2026-05-04,03:12,42,"","MERIDIAN",2022-02-16,80,4,0,39,0,30,-5,C♯/D♭ Major,4,7baoqD2YuFgFTqdBwf72PC,QM24S2008278,no
57,"Crazy Like Me","Emmit Fenn",130,6B,43,2026-05-04,03:00,50,"","Crazy Like Me",2022-04-13,82,45,11,66,10,0,-10,A#/B♭ Major,4,2htdXXYYVmNsnMyukJWcGD,GBKPL2290692,no
58,"CIGARETTES","Amir Obe",144,11A,38,2026-05-04,03:10,58,"","None Of The Clocks Work",2017-03-30,66,4,0,24,0,10,-8,F#/G♭ Minor,4,3TfTZ3fGLYtR1azsY8iEp4,USUM71701296,yes
59,"Heroine","Maroon 5",121,9B,51,2026-05-04,02:35,71,"pop","Heroine",2026-05-01,88,4,0,92,0,10,-6,G Major,4,04OCeDuqT4ympbgDZ8dcfT,USUM72602831,yes
60,"Punching the Flowers","Death Cab for Cutie",148,8A,94,2026-05-04,03:11,59,"","Punching the Flowers",2026-04-28,65,3,4,96,0,0,-4,A Minor,4,56es3ImztwXSwpYmtS6c4A,USEP42604002,no
61,"She Does It Right","The Black Keys",123,9B,71,2026-05-04,03:43,62,"blues rock, garage rock, modern blues, rock","Peaches!",2026-05-01,46,0,0,52,0,20,-5,G Major,4,1pO3dqvwGvCQzRQV67xfZd,USWB12504974,no
62,"You Got to Lose","The Black Keys",188,11B,93,2026-05-04,03:17,57,"blues rock, garage rock, modern blues, rock","Peaches!",2026-05-01,26,1,0,53,0,30,-5,A Major,4,3kGEzVNvgUCaHS1QiAHxXs,USWB12504972,no
63,"jupiter","almost monday",104,2A,82,2026-05-08,03:02,66,"","DIVE",2024-09-25,65,1,0,93,0,0,-5,D#/E♭ Minor,4,4BiiGfe1QtSpsiZDvA4Pmd,USHR12448523,no
64,"Pepper","Death Cab for Cutie",119,4B,74,2026-05-08,02:48,47,"","Asphalt Meadows",2022-09-16,79,2,1,69,0,10,-8,G#/A♭ Major,4,5p0bEz7DNsULez2X9yrNGa,USAT22204472,no
65,"Here to Forever","Death Cab for Cutie",158,10B,77,2026-05-08,03:46,49,"","Asphalt Meadows",2022-09-16,62,7,0,93,0,10,-8,D Major,4,7Cva2EgJougx6O6M5xgWAq,USAT22204470,no
66,"Picking Dragons' Pockets","Modest Mouse",180,1B,76,2026-05-08,04:36,57,"indie rock, indie, alternative rock","Picking Dragons' Pockets",2026-04-21,54,1,2,71,0,10,-5,B Major,4,2k1VofAVg8rdoXSG7p0oWW,USA2P2609800,no
67,"Outrun This Feeling","Elle Coves",120,9B,72,2026-05-08,02:56,35,"","Selfishly Inclined",2024-03-13,67,3,0,30,0,10,-5,G Major,3,5pI9tVNPYhWrxBwV1IlfV8,US23A1578741,no
68,"Animal","Miike Snow",118,12A,73,2026-05-08,04:24,63,"alternative dance","Miike Snow (Deluxe Edition)",2009-05-22,77,1,0,69,0,0,-7,C♯/D♭ Minor,4,0X9wubEYVnWE6S4p03ezrx,GBARL0900399,no
69,"Don't Dance","3OH!3",80,7A,76,2026-05-08,03:16,40,"","3OH!3",2007-07-23,57,19,0,70,20,0,-3,D Minor,4,53BirqAVvxjDPQCH316BNM,TCABN1385334,no
70,"Hey","Lil Jon,3OH!3",132,8B,76,2026-05-08,03:35,43,"crunk, ","Crunk Rock (Deluxe)",2010-01-01,69,0,0,51,0,10,-4,C Major,4,5l9D0ugfAeQ6cgiYb2ay65,USUM71013761,yes
71,"Keep On Lookin'","Ciara",129,10A,45,2026-05-08,03:17,26,"","Ciara",2013-07-08,86,25,0,45,30,10,-6,B Minor,4,21ovuLfg5iT583UEgeEYQb,USSM11301901,yes
72,"Sophomore","Ciara",148,6A,74,2026-05-08,03:44,30,"","Ciara",2013-07-08,64,1,0,38,0,10,-7,G Minor,4,4SdjXwZjsg6HQrXXhdGClj,USSM11301776,no
73,"Overdose","Ciara",107,4B,70,2026-05-08,03:47,42,"","Ciara",2013-07-08,77,1,1,79,0,0,-6,G#/A♭ Major,4,7jzjN8awsBYLjFqlsSCJ1j,USSM11301271,no
74,"Leave Me Alone","Chris Brown",92,10A,55,2026-05-08,06:03,73,"r&b","BROWN",2026-05-08,66,4,0,24,0,10,-8,B Minor,4,6XqByEYtFrbH2OPwQuGn8q,USRC12600762,no
75,"It Depends (feat. Bryson Tiller)","Chris Brown,Bryson Tiller",136,3B,49,2026-05-08,04:31,73,"r&b, trap soul","BROWN",2026-05-08,63,3,0,33,0,0,-8,C♯/D♭ Major,4,1mIYDLcLe8SLW2pCI4BMKh,USRC12501295,yes
76,"Fallin' (feat. Leon Thomas)","Chris Brown,Leon Thomas",156,11A,64,2026-05-08,04:26,75,"r&b, ","BROWN",2026-05-08,49,18,0,50,0,10,-6,F#/G♭ Minor,3,40GjjsfvHz6hdeBbd8jSdG,USRC12600738,yes
77,"Red Rum (feat. YoungBoy Never Broke Again)","Chris Brown,YoungBoy Never Broke Again",94,4A,66,2026-05-08,03:32,70,"r&b, ","BROWN",2026-05-08,63,2,0,15,0,10,-6,F Minor,4,3jpMXlXpPaGJd9IX5kahvQ,USRC12600756,yes
78,"Bombs in the Ville/Hit the Gas","J. Cole",131,3B,38,2026-05-08,04:06,74,"rap","The Fall-Off",2026-02-06,54,22,0,33,0,10,-11,C♯/D♭ Major,4,0Awr3NZMkRHQFabkMxW1VT,USUG12600545,yes
79,"Stem the Flow","Paris Paloma",129,11B,86,2026-05-09,04:03,64,"","Stem the Flow",2026-05-06,57,3,0,23,10,20,-7,A Major,4,2NEJSUekQg1nVvTI0ctJeA,CAN112600495,yes
80,"Miyazaki","Paris Paloma",107,9B,84,2026-05-09,03:24,44,"","Stem the Flow",2026-05-06,58,14,0,47,0,20,-5,G Major,4,2fF9j7eLr6DuZiGtH3n8jY,CAN112600323,no
81,"Good Girl","Paris Paloma",129,9B,77,2026-05-09,04:23,42,"","Stem the Flow",2026-05-06,62,14,0,27,20,10,-6,G Major,4,65ePCwT7ikG44F4DF4hlgN,CAN112600070,no
82,"Good Boy","Paris Paloma",124,12B,78,2026-05-09,03:42,42,"","Stem the Flow",2026-05-06,63,20,0,37,10,20,-7,E Major,4,7CjLktPwi64JfCfnZYFtnl,CAN112501780,no
83,"Outside Today","YoungBoy Never Broke Again",134,10A,67,2026-05-09,02:09,75,"","Until Death Call My Name",2018-04-27,85,14,0,6,0,10,-5,B Minor,4,5PIfH6BzcmH04RDmtzF0BN,USAT21800223,yes
84,"Ric Flair Drip (with Metro Boomin)","Offset,Metro Boomin",100,11B,43,2026-05-09,02:52,84,"","Without Warning",2017-10-30,88,15,0,33,20,10,-8,A Major,4,7sO5G9EABYOXQKNPNiE9NR,QZ45A1700064,yes
85,"Sun","Derik Fein",100,11A,60,2026-05-10,03:02,56,"","Sun",2024-06-03,69,1,0,68,0,10,-6,F#/G♭ Minor,4,7Hybzi2nMsBsg2Fs2aKUh7,TCAIH2457879,no
86,"Disorder - 2007 Remaster","Joy Division",85,3A,80,2026-05-26,03:29,71,"post-punk, gothic rock, new wave, darkwave, madchester, cold wave","Unknown Pleasures (Collector's Edition)",1979-06-01,32,0,69,74,10,10,-7,A#/B♭ Minor,4,5fbQCQt91LsVgXusFS0CCD,GBAAP0600160,no
87,"Three Imaginary Boys - 2005 Remaster","The Cure",170,10A,63,2026-05-26,03:15,40,"new wave, post-punk, gothic rock, darkwave","Three Imaginary Boys (Deluxe Edition)",1979-05-11,60,8,0,48,0,0,-8,B Minor,4,660u9agQuREtEDmETVWSts,USEE10500811,no
88,"Despues Del Choli","Jowell,Lennox,Dj Kelvin El Sacamostro",198,2B,93,2026-05-27,03:09,18,"reggaeton, mambo, merengue, ","Despues Del Choli",2021-12-11,69,2,0,55,10,20,-3,F#/G♭ Major,4,2Sd0Cq80A8shn0hQDwtU15,QZNWZ2128448,yes
89,"DYNAMITE","Tyla,Wizkid",98,8B,78,2026-05-27,02:57,67,"afrobeats, afrobeat, afropop, azonto, afroswing, afro r&b, afropiano","DYNAMITE",2025-07-24,64,2,0,81,20,10,-3,C Major,4,1myE3bHoWoSO5hyr3MxdHJ,USSM12503269,no
90,"Dangerous - Immortal Version","Michael Jackson",113,8A,68,2026-05-28,02:41,54,"","Immortal",2011-11-21,94,4,0,40,10,10,-7,A Minor,4,72QXcbzrCVYnWav6Xtuvaw,USSM11105961,no
91,"Into The Groove (You Can Dance Remix Edit) - 2022 Remaster","Madonna",116,4B,80,2026-05-29,04:44,42,"","Finally Enough Love",2022-06-24,75,2,0,72,0,0,-4,G#/A♭ Major,4,3K6j52TvA5UgzBVEHnhmQp,USRH12102968,no
92,"Is There Anybody Out There?","Pink Floyd",119,8A,7,2026-06-01,02:41,61,"progressive rock, psychedelic rock, classic rock, art rock, rock","The Wall",1979-11-30,31,72,32,4,0,10,-27,A Minor,4,5HAjss9faCAowGY8dM24r6,GBN9Y1100109,no
93,"Another Brick in the Wall, Pt. 2","Pink Floyd",104,8B,39,2026-06-01,03:58,85,"progressive rock, psychedelic rock, classic rock, art rock, rock","The Wall",1979-11-30,69,8,0,72,0,20,-16,C Major,4,4gMgiXfqyzZLMhsksGmbQV,GBN9Y1100099,no
94,"Comfortably Numb","Pink Floyd",127,10A,37,2026-06-01,06:22,82,"progressive rock, psychedelic rock, classic rock, art rock, rock","The Wall",1979-11-30,47,15,31,17,0,0,-13,B Minor,4,5HNCy40Ni5BZJFw1TKzRsC,GBN9Y1100113,no
95,"Grinding Halt - 2005 Remaster","The Cure",173,11A,74,2026-06-01,02:49,40,"new wave, post-punk, gothic rock, darkwave","Three Imaginary Boys (Deluxe Edition)",1979-05-11,71,2,2,66,20,0,-8,F#/G♭ Minor,4,6liM7f1QwsPfwS1BkpMQ1M,USEE10500802,no
96,"Meathook","The Cure",166,8B,46,2026-06-01,02:17,30,"new wave, post-punk, gothic rock, darkwave","Three Imaginary Boys (Deluxe Edition)",1979-05-11,64,39,0,61,40,10,-11,C Major,4,5MnOyYxgPVb2V6jv9c1en7,USEE10500807,no
97,"Independent (feat. Boosie Badazz & Lil Phat)","Webbie,Boosie Badazz,Lil Phat",174,12A,43,2026-06-04,04:10,62,"southern hip hop, crunk, new orleans bounce","Savage Life 2",2008-02-25,73,0,0,20,0,10,-6,C♯/D♭ Minor,4,0tdjTo4xacmmF7eINqaM8z,USAT20705690,yes
98,"Monster","Lady Gaga",120,8A,80,2026-06-04,04:09,73,"art pop, pop","The Fame Monster (Deluxe Edition)",2009-11-05,70,0,0,65,0,40,-5,A Minor,4,2WgyOP8Z1D6GQYumCwH4Dk,USUM70918597,yes
99,"Fame is a Gun","Addison Rae",138,2A,40,2026-06-04,03:03,87,"","Addison",2025-06-06,69,17,0,41,0,10,-7,D#/E♭ Minor,4,7B3BwNecBhKvNwSMOOl7Gk,USSM12501572,no
100,"On The Floor","Jennifer Lopez,Pitbull",130,2A,78,2026-06-04,04:44,92,"","Love?",2011-04-29,73,11,0,57,0,0,-5,D#/E♭ Minor,4,3C0nOe05EIt1390bVABLyN,USUM71104034,no
101,"Never Have I Ever","Rainbow Kitten Surprise",130,12A,71,2026-06-05,02:54,71,"","Never Have I Ever",2026-05-22,68,44,0,56,0,10,-6,C♯/D♭ Minor,4,2Ojr742JINM4QEOk7vQGEh,USAT22601140,no
102,"Sixteen","Rainbow Kitten Surprise",143,3B,85,2026-06-05,03:26,54,"","Never Have I Ever",2026-05-22,52,1,0,62,0,0,-4,C♯/D♭ Major,4,3mJWhKMqpaRZulF8C1ymhV,USAT22601139,no
103,"Jigsaw Falling Into Place","Radiohead",166,10A,83,2026-06-05,04:08,81,"art rock, alternative rock","In Rainbows",2007-12-28,46,11,0,81,0,0,-6,B Minor,4,0YJ9FWWHn9EfnN0lHwbzvV,GBSTK0700009,no
104,"Journal of Ardency","Class Actress",97,11A,68,2026-06-05,03:45,64,"","Journal of Ardency",2010-10-05,69,1,9,78,0,10,-7,F#/G♭ Minor,4,6GEIpzW14NtOjqHejbcSRE,US7S60900008,no
105,"Tear You Apart","She Wants Revenge",153,12A,72,2026-06-05,04:44,72,"darkwave, gothic rock","She Wants Revenge",2005-01-01,58,0,0,60,0,60,-7,C♯/D♭ Minor,4,1XYHqSfJK9ud9nuRjQcbXi,USUM70503877,yes
106,"Out Of Control","She Wants Revenge",113,10B,69,2026-06-05,03:37,63,"darkwave, gothic rock","She Wants Revenge",2005-01-01,65,0,0,56,0,10,-7,D Major,4,48aJ5BmJiVnz2AurXSWP2R,USIR10500662,no
107,"WASTE","KXLLSWXTCH",132,9B,12,2026-06-06,02:00,73,"trap metal","DISORDER",2021-10-29,63,86,0,11,0,10,-14,G Major,4,4NgherJDfCXWBZBYheM4jK,USUYG1393224,no
108,"When the Love is Gone","Des Rocs",142,9A,82,2026-06-15,03:20,28,"","Fall Together",2026-04-15,46,0,62,49,0,20,-4,E Minor,4,7DHdCB4fCWeIgNkUJBaaRq,USFYZ2557602,no
109,"Don't Speak","Culture Wars",154,1A,90,2026-06-15,03:43,67,"","Don't Speak",2026-04-10,40,3,0,47,0,10,-2,G#/A♭ Minor,4,2YB7LLj8xZcd4pDs0UBM6i,QM4TX2683818,no
110,"Your Chaos","NOMARKMORE",124,2B,45,2026-06-15,03:45,57,"","Exhibition Number Zero",2025-12-01,74,11,0,65,0,30,-7,F#/G♭ Major,4,5N7Cdi5Te9E3rejjuyRwll,QT6ET2567792,yes
111,"Event Horizon","NOMARKMORE",140,4A,32,2026-06-15,03:15,35,"","Exhibition Number Zero",2025-12-01,74,16,0,56,0,10,-10,F Minor,4,6hzj2O98TysOt0tu6Yc9OJ,QT6ET2567789,yes
112,"High Horse","Black Pistol Fire",80,3B,69,2026-06-15,02:48,45,"blues rock, modern blues, garage rock","Flagrant Act of Bliss",2026-01-23,63,4,0,69,0,30,-5,C♯/D♭ Major,4,5UiwpYH8hfVR6CAvzzrP7B,QZWH32500584,no
113,"The Big Fuss","Modern Alibi",90,5A,55,2026-06-15,03:00,53,"","The Big Fuss",2026-04-10,40,1,0,54,0,20,-7,C Minor,4,7Fi1l9OS51Q9ZeN2WfqHxP,QT65Z2691501,no
114,"Save Me Some Sunshine","Rafferty",178,10B,76,2026-06-15,03:37,61,"","Save Me Some Sunshine",2016-11-30,50,8,3,54,0,0,-4,D Major,4,68vTrjlrczwHWioLZ5p0Rt,TCACT1652450,no
115,"SUGAR","Elba Rose",164,4A,54,2026-06-15,02:57,29,"","SUGAR",2026-03-20,70,13,3,47,0,30,-11,F Minor,4,2XTFxS6tjPzRslHheCtAJf,GX7WH2400003,no
116,"White Flower","Rafferty",143,10A,83,2026-06-15,03:44,57,"","White Flower - EP",2018-01-17,50,8,0,60,10,30,-4,B Minor,4,68bLpWhZivilbacdheOIQz,TCADK1748276,no
117,"Taste It","Modern Alibi",145,7A,88,2026-06-15,02:50,60,"","American Radio",2025-04-04,57,0,0,59,0,0,-6,D Minor,4,3yP1J5mOJ8MvifFoNjA3Lx,TCAHX2419532,no
118,"Typical Ways","Culture Wars",123,4A,74,2026-06-15,02:39,64,"","Don't Speak",2026-04-10,72,11,0,97,0,0,-4,F Minor,4,7fq0XZP4zQ54Hhq1szMit2,QZHN72552171,no
119,"Quiet Coyote","Black Pistol Fire",77,3A,52,2026-06-15,03:11,35,"blues rock, modern blues, garage rock","Flagrant Act of Bliss",2026-01-23,66,48,0,39,0,10,-6,A#/B♭ Minor,4,4HOaYxIICiwmOZZnVs6gCd,QZWH32500599,no
120,"All I Need Is You","NOMARKMORE",176,1A,53,2026-06-15,03:18,52,"","Exhibition Number Zero",2025-12-01,47,23,0,66,0,0,-8,G#/A♭ Minor,4,3A5rfmGdSmfcNqIURUJt4z,QT6ET2567791,yes
121,"Just a Boy","NOMARKMORE",142,4B,61,2026-06-15,02:58,42,"","Exhibition Number Zero",2025-12-01,56,4,0,42,0,50,-9,G#/A♭ Major,4,1lZA0OOEHZeiXZdnQFhn4Q,QT6ET2567793,yes
122,"The Fall","NOMARKMORE",158,3B,75,2026-06-15,03:14,56,"","Exhibition Number Zero",2025-12-01,42,0,0,79,0,40,-7,C♯/D♭ Major,4,7IKwkNZzI8Xtazydcl1rEF,QT6ET2567790,yes
123,"This Land (Theme from Borderlands 4)","Des Rocs,Borderlands Music",86,11B,84,2026-06-15,03:08,47,"soundtrack","This Land (Theme from Borderlands 4)",2025-09-12,57,0,68,70,0,30,-4,A Major,4,6EaGrhJCfIATcV95W7vWjC,USFYZ2557601,no
124,"Dopamine Kisses","MISSIO",138,1A,89,2026-06-15,03:28,46,"","Dopamine Kisses",2026-04-10,41,0,0,35,0,20,-5,G#/A♭ Minor,4,3LWXJOMDhmDxpdhZjBA0OS,CAN112502402,no
125,"P.Y.T. (Pretty Young Thing)","Michael Jackson",127,10A,67,2026-06-15,03:58,89,"","Thriller",1982-11-30,89,17,0,96,0,0,-9,B Minor,4,1CgmY8fVN7kstVDZmsdM5k,USSM19902993,no
126,"The Way You Make Me Feel - 2012 Remaster","Michael Jackson",114,3B,85,2026-06-15,04:58,79,"","Bad 25th Anniversary",2012-09-18,88,5,0,54,10,10,-5,C♯/D♭ Major,4,0sKlV58cODrjxGFOyf9IXY,USSM11204981,no
127,"You Rock My World","Michael Jackson",95,9A,71,2026-06-15,05:07,80,"","The Essential Michael Jackson",2005-07-19,82,3,0,94,10,0,-4,E Minor,4,3T59S3Vh3DOatsmTD8clqP,USSM10109858,no
128,"Hollow (feat. Emma Louise)","Flume,Emma Louise",105,4A,58,2026-06-15,03:53,45,"future bass, ","Palaces",2022-05-20,53,7,0,50,10,20,-5,F Minor,4,5gmJlzd7GyggoqLedD7vKV,AUFF02200009,no
129,"Is It Real (feat. Ravyn Lenae)","Flume,JPEGMAFIA,Ravyn Lenae",151,8B,78,2026-06-15,02:49,44,"future bass, experimental hip hop, alternative hip hop, experimental, alternative r&b, indie soul","We Live In A Society",2025-05-02,45,2,1,47,10,30,-5,C Major,3,3tYxKs4D1Xqyt9xR8soVdr,US38Y2516905,no
130,"Drop The Game","Flume,Chet Faker",79,9B,67,2026-06-15,03:41,69,"future bass, ","Lockjaw",2013-11-22,56,59,0,43,0,10,-5,G Major,4,3wFFW1B6WAmAFGOwdEOOZR,AUFF01300488,no
131,"Kacey Talk","YoungBoy Never Broke Again",127,3A,61,2026-06-15,02:31,68,"","Top",2020-09-11,88,54,0,77,10,10,-8,A#/B♭ Minor,4,1SF8piqsZWn86DajVKih8F,USAT22005042,yes
132,"Love You","SiR",72,6B,46,2026-06-15,03:06,39,"alternative r&b, neo soul","Seven Sundays",2015-07-31,50,72,0,32,50,20,-15,A#/B♭ Major,4,7p8GWclbwHuUxwom7c1oRz,usdy41547764,no
133,"Genius (feat. Sia, Diplo, and Labrinth)","Sia,Diplo,Labrinth,LSD",159,10A,62,2026-06-15,03:33,78,"moombahton, dance pop","LABRINTH, SIA & DIPLO PRESENT... LSD",2019-04-12,60,8,0,56,10,10,-5,B Minor,4,4xigPf2sigSPmuFH3qCelB,USQX91800798,no
134,"Messy","Lola Young",111,11B,55,2026-06-15,04:44,83,"","Messy",2024-05-30,80,11,0,65,0,10,-6,A Major,4,3SKH53SPQbEnZR4cJPVaz2,GBUM72401610,yes
135,"Heat Waves","Glass Animals",81,1B,53,2026-06-15,03:58,91,"","Dreamland",2020-08-07,76,44,0,53,0,0,-7,B Major,4,3USxtqRwSYz57Ewm6wWRMp,GBUM72000433,no
136,"St. Chroma (feat. Daniel Caesar)","Tyler, The Creator,Daniel Caesar",150,8B,88,2026-06-15,03:17,77,"","CHROMAKOPIA",2024-10-28,58,36,0,37,50,30,-5,C Major,4,1QoyuMHNBe7lg3YW4Qtll4,USQX92405783,yes
137,"LUCID DREAMS (feat. Masego)","Leon Thomas,Masego",155,6A,64,2026-06-15,03:46,66,"","MUTT",2024-09-27,73,11,7,56,0,10,-7,G Minor,4,6Px7oJcPvMWLhwRHmao0Fe,USUM72409194,yes
138,"MUTT (feat. Chris Brown) [CB REMIX]","Leon Thomas,Chris Brown",180,3B,52,2026-06-15,03:19,68,"r&b","MUTT (CB REMIX)",2025-03-21,53,11,0,67,0,0,-6,C♯/D♭ Major,4,3riRdhyMDfEQz5nKrxfbwv,USUM72502039,no
139,"NUEVAYoL","Bad Bunny",138,2B,20,2026-06-15,03:03,95,"reggaeton, trap latino, latin, urbano latino","DeBÍ TiRAR MáS FOToS",2025-01-05,14,27,100,12,10,20,-20,F#/G♭ Major,4,5TFD2bmFKGhoCRbX61nXY5,QMFMF2447055,no
140,"Snap My Finger (feat. PinkPantheress)","KAYTRANADA,PinkPantheress",118,4A,64,2026-06-15,03:21,70,"bedroom pop","TIMELESS",2024-06-07,77,2,1,50,0,40,-8,F Minor,4,5LyKocU0lhUBlXrFKDxbBO,USRC12401536,yes
141,"We Still Don't Trust You","Future,Metro Boomin,The Weeknd",110,5A,59,2026-06-15,04:12,75,"rap, ","WE STILL DON'T TRUST YOU",2024-04-12,72,3,26,43,0,40,-6,C Minor,4,7sVbKoBdhXtYCEOO6qC1SN,USSM12403111,yes
142,"COMË N GO","Yeat",145,8A,59,2026-06-15,03:18,83,"rage rap","DANGEROUS SUMMER",2025-08-01,90,6,0,30,0,10,-6,A Minor,4,2mNGL7mZILSqZHxGboJaO9,USUM72508238,yes
143,"Money Ain't A Thang","JAŸ-Z,Jermaine Dupri",100,11A,70,2026-06-15,04:13,46,"hip hop, east coast hip hop, rap, southern hip hop","Vol.2... Hard Knock Life",1998-11-29,86,5,0,86,20,10,-8,F#/G♭ Minor,4,3dT126FgdirenOn5aDXHBE,USRL19800897,yes
144,"Light Your Ass On Fire (feat. Pharrell) - Club Mix","Busta Rhymes,Pharrell Williams",105,11A,71,2026-06-15,03:39,41,"east coast hip hop, ","The Neptunes Present... Clones",2003-08-19,80,3,0,71,20,30,-12,F#/G♭ Minor,4,3YhfOgIyJJA2hBgTsHi9WK,USJAY0300353,yes
145,"THE HIVE (feat. Giggs)","Busta Rhymes,Giggs",130,3B,59,2026-06-15,02:49,26,"east coast hip hop, grime, uk grime, uk drill","BLOCKBUSTA",2023-11-24,76,0,0,12,0,10,-7,C♯/D♭ Major,4,43E72npx0X4c3ldo0z9JPU,USSM12306655,yes
146,"Notorious Thugs - 2014 Remaster","The Notorious B.I.G.",155,10A,87,2026-06-15,06:06,75,"old school hip hop, gangster rap, east coast hip hop, hip hop","Life After Death (2014 Remastered Edition)",1997-03-04,70,12,0,74,10,20,-4,B Minor,4,19FsxX4RthRMZGfXkImdCb,USAT21402735,yes
147,"Da' Dip","Freak Nasty",132,4B,43,2026-06-15,03:57,59,"miami bass, new orleans bounce","Controversee…That's Life…and That's the Way It Is",1996-10-29,95,1,3,72,30,20,-17,G#/A♭ Major,4,76YDsWGWezclVy9Z6sDGhf,US25T9920900,yes
148,"Nasty","Janet Jackson",104,12A,89,2026-06-15,04:03,58,"new jack swing","Control",1986-02-04,84,45,2,57,0,0,-12,C♯/D♭ Minor,4,07OzC5JlcaDwEkzWmvqp6y,USAM19500847,no
149,"So Much Betta","Janet Jackson",110,2B,77,2026-06-15,02:52,37,"new jack swing","Discipline",2008-01-01,92,37,0,78,30,10,-5,F#/G♭ Major,4,7zF9MhrBdglwzypU5bmAme,USUM70804102,no
150,"All Nite (Don't Stop)","Janet Jackson",109,10A,89,2026-06-15,03:26,54,"new jack swing","Damita Jo",2004-01-01,81,5,63,48,0,10,-6,B Minor,4,6OLiY3DTLdoh7kxYFqZYX1,USVI20400116,yes
151,"Smalltown Boy","Bronski Beat",135,4A,58,2026-06-15,05:02,85,"synthpop, hi-nrg","The Age of Consent",1984-10-15,69,29,1,94,0,10,-11,F Minor,4,5vmRQ3zELMLUQPo2FLQ76x,GBAAP0200005,no
152,"Sweet Dreams (Are Made of This) - 2005 Remaster","Eurythmics,Annie Lennox,Dave Stewart",125,5A,71,2026-06-15,03:36,88,"new wave, synthpop, ","Sweet Dreams (Are Made Of This)",1983-01-04,69,23,0,88,0,10,-7,C Minor,4,1TfqLAPs4K3s2rJMoCokcS,GBARL0300589,no
153,"Better If Worse (with Matt Maeson)","HAFFWAY,Matt Maeson",124,11A,81,2026-06-15,03:59,57,"","Better If Worse (with Matt Maeson)",2026-06-05,54,20,0,48,0,30,-5,F#/G♭ Minor,4,3TP8KZt9tJGyeBRVyDysp9,US6XF2600148,no
154,"Third Side of the Moon","Modest Mouse",171,12B,71,2026-06-15,04:27,57,"indie rock, indie, alternative rock","An Eraser And A Maze",2026-06-05,48,2,24,61,0,10,-5,E Major,4,7fa34IepKo01jV34GTMxQC,USA2P2609803,yes
155,"Absolution","Switchfoot",91,11B,87,2026-06-15,04:05,56,"christian rock, christian alternative rock, ccm, christian","Absolution",2026-05-15,54,2,0,27,10,10,-6,A Major,4,3jfHclM5oNBSUvuBS7OgPj,QMRSZ2600425,no
156,"Clothesline","The All-American Rejects",145,8B,82,2026-06-15,03:34,57,"pop punk, emo","Sandbox",2026-05-15,56,0,0,68,0,10,-5,C Major,4,7LsDPR5Y9YdzQOauL2DP4s,QT2VB2611565,no
157,"Ships Passing","Young the Giant",110,8B,86,2026-06-15,03:17,56,"","Victory Garden",2026-05-01,60,0,0,56,0,10,-4,C Major,4,6iIygVDkwznk9NBXIwOIfP,US5262527910,no
158,"ZAMA ZAMA","Die Antwoord",175,3B,83,2026-06-15,02:14,55,"","ZAMA ZAMA",2026-06-10,76,26,2,54,30,30,-8,C♯/D♭ Major,4,4B5lSnWRFiJx8XghHeTJhc,QM24S2603626,yes