Track_Number,Track_Key,Track_ID,Song,Artist,Album,Year,BPM,Valence,Dance,Energy,Acoustic,Loud_Db,Camelot,Distance,Popularity
1,Em Beihold|Hot Goblin,1AQlvpcPh79BKnoKe1E6Nw,Hot Goblin,Em Beihold,Hot Goblin,2025,123,46,79,68,39,-4,9A,0.0,52
2,Eminem|Beautiful,1HR2CTi0ytRJIcik1QKdOa,Beautiful,Eminem,Relapse: Refill,2009,132,47,73,70,25,-4,4A,0.9294609932028165,72
3,Death Cab for Cutie|I Dreamt We Spoke Again,6TRQPx5Z0YZ0pCQX7JbtlS,I Dreamt We Spoke Again,Death Cab for Cutie,Thank You for Today,2018,119,45,71,71,28,-6,8A,0.9704284314076569,43
4,Jacklyn|Don't be a *ick,60uYiJfqRg8vumhgOYlA59,Don't be a *ick,Jacklyn,Don't be a *ick,2025,118,59,87,70,39,-4,11A,1.030970349656885,22
5,GAYLE|abcdefu,4fouWK6XVHhzl78KzQ1UjL,abcdefu,GAYLE,abcdefu,2021,122,42,70,54,30,-6,12B,1.1867146033402,74
6,Shaboozey|Anabelle,2GeK971PzUJqSJc7mFVIMI,Anabelle,Shaboozey,"Where I've Been, Isn't Where I'm Going",2024,121,43,73,80,16,-5,9A,1.2147771343362597,47
7,Martin Luke Brown|Grit Your Teeth,5YyehzRoHpRdHKzi7HSafT,Grit Your Teeth,Martin Luke Brown,Grit Your Teeth,2018,122,48,81,71,12,-6,4A,1.2510608434035757,25
8,Coleman Hell|2 Heads,32FX4D4eT8LFP07QvlhSn8,2 Heads,Coleman Hell,Summerland,2016,120,40,75,75,12,-5,8B,1.2613388204780303,51
9,Summer Jones|Danny Phantom,6Lq9EywBzav3QqeARcQAqf,Danny Phantom,Summer Jones,Danny Phantom,2024,114,55,82,56,56,-5,10A,1.2891969868087807,23
10,THE-DREAM|Falsetto,2P1e3xpjDhYFqOFeu8IWzS,Falsetto,THE-DREAM,Love/Hate,2007,131,48,73,55,16,-4,8B,1.3113942874526363,58
11,"Don Toliver,Travis Scott|Embarrassed",6w9GrSUaQQIaMBYtabge7p,Embarrassed,"Don Toliver,Travis Scott",Love Sick (Deluxe),2023,0,0,0,0,0,0,,1.3734949402935364,72
12,"Don Diablo,Zak Abel|Bad",1T4U8Q2DRfs6OUg8DEsRZf,Bad,"Don Diablo,Zak Abel",Bad,2020,124,67,79,74,41,-5,8B,1.3917363432590073,57
13,"Future,Metro Boomin|We Don't Trust You",1pnDvUuAEd6z8bKEsbAjk1,We Don't Trust You,"Future,Metro Boomin",WE DON'T TRUST YOU,2024,124,35,78,51,48,-7,11A,1.487595048664752,68
14,FLETCHER|Bitter,5Z0AM9HW78XIyZqF2BPasr,Bitter,FLETCHER,Bitter,2020,136,41,72,59,39,-7,11A,1.487827617927313,58
15,"Rihanna,Future|Loveeeeeee Song",2ox4vr3lkUVpCR57bbWwLy,Loveeeeeee Song,"Rihanna,Future",Unapologetic,2012,120,50,71,60,51,-8,4A,1.5173859877529583,39
16,Don Toliver|NEW DROP,2c7z5oRcPBbqRaBY2mLWcf,NEW DROP,Don Toliver,HARDSTONE PSYCHO,2024,120,32,76,63,19,-7,9A,1.5498488866159197,83
17,Ciara|Keep On Lookin',21ovuLfg5iT583UEgeEYQb,Keep On Lookin',Ciara,Ciara,2013,129,45,86,45,25,-6,10A,1.5525255677648644,24
18,3OH!3|DONTTRUSTME,5jzX4dWVQeBTtfBaXnMRt5,DONTTRUSTME,3OH!3,WANT,2008,130,51,79,71,2,-4,4A,1.5695616727452855,77
19,Enrique Iglesias|Ring My Bells,5DbUPekbGprJNwubQHaFtU,Ring My Bells,Enrique Iglesias,Insomniac,2007,115,43,82,63,11,-7,11A,1.5895025611320872,38
20,Rihanna|Only Girl (In The World),2ENexcMEMsYk0rVJigVD3i,Only Girl (In The World),Rihanna,Loud,2010,126,64,79,71,11,-4,10A,1.5957755103042617,89
21,"Flo Rida,Timbaland|Elevator",44AtutBMMWw14r9CkZ0wna,Elevator,"Flo Rida,Timbaland",Mail on Sunday,2008,0,0,0,0,0,0,,1.6025650352911054,56
22,"Enrique Iglesias,Ciara|Takin' Back My Love",0aPhnPWgYWk9XGezDHCLF3,Takin' Back My Love,"Enrique Iglesias,Ciara",Greatest Hits,2008,125,43,74,75,1,-5,11A,1.610355433287516,58
23,K.Flay|Blood In The Cut,3k3FEwVuaokMi13Ud4nnYm,Blood In The Cut,K.Flay,Crush Me,2016,130,64,77,66,14,-5,10A,1.6129092083207588,0
24,"ZOI,Byfox|We Bad, We Know",2gGCt2yXxDxDITx19sxwJJ,"We Bad, We Know","ZOI,Byfox","We Bad, We Know",2019,112,41,74,59,17,-7,9B,1.6184628185074714,59
25,"Travis Scott,Bad Bunny,The Weeknd|K-POP",5L3ecxQnQ9qTBmnLQiwf0C,K-POP,"Travis Scott,Bad Bunny,The Weeknd",K-POP,2023,121,54,81,62,4,-6,4A,1.6264806963750198,70
26,Aaron Carter|Sooner Or Later,0Gee5mDV8DiP4YNSQT2gOK,Sooner Or Later,Aaron Carter,LØVË,2018,112,44,74,73,12,-7,4A,1.664526199642709,40
27,Lewis Del Mar|Loud(y),5DOadSIDaKFwUPcbcbDv5J,Loud(y),Lewis Del Mar,Lewis Del Mar,2016,140,48,72,59,30,-7,8A,1.688114883425766,44
28,Adele|Rumour Has It,2A73XBDBQgmdXO8VsXPWIs,Rumour Has It,Adele,21,2011,120,57,61,75,62,-5,8B,1.6983536790344862,68
29,Adam Lambert|Ghost Town,44aN5xKL3kGHvQ5bXVk6B8,Ghost Town,Adam Lambert,The Original High (Deluxe Version),2015,120,27,70,74,19,-6,9A,1.7005195560356994,63
30,Des Rocs|Used to the Darkness,3SemJVQCsUo0K3QGN7pIXu,Used to the Darkness,Des Rocs,Let the Vultures In,2018,106,47,67,75,18,-5,9A,1.7101662887484523,61
31,"Naughty Boy,Sam Smith|La La La",3wPPWcVuinAU7dXcJXtCID,La La La,"Naughty Boy,Sam Smith",Hotel Cabana (Deluxe Version),2013,125,26,77,65,11,-5,11A,1.7130311930341595,78
32,Melanie Martinez|BATSHIT INTELLIGENCE,4vKVlYoXr2d5DKikbxTWIj,BATSHIT INTELLIGENCE,Melanie Martinez,HADES,2026,117,61,61,67,50,-6,11A,1.7237559509434375,72
33,OneRepublic|Dream,7kAykEQsPsC67ML8qQmOSW,Dream,OneRepublic,Oh My My,2016,105,55,76,64,19,-6,10A,1.7328866709246111,37
34,Jamie Foxx|I Don't Need It,13mvD9MoPBoskbqOHkBZHK,I Don't Need It,Jamie Foxx,Intuition,2008,117,61,88,68,17,-7,8A,1.7353404515396933,37
35,Two Feet|Pink,4IHiN5A0ythEPmWIKSc7gc,Pink,Two Feet,Pink,2020,117,52,69,45,32,-7,8A,1.7367850802900657,54
36,Måneskin|Beggin',3Wrjm47oTz2sjIgck11l5e,Beggin',Måneskin,Chosen,2017,134,59,71,80,13,-5,10A,1.7396659060352941,87
37,Maroon 5|Fortune Teller,6lx0wqoIBxSJgd033dJxvj,Fortune Teller,Maroon 5,Overexposed (Deluxe),2012,120,41,67,76,5,-6,9A,1.7483283583636724,36
38,"T.I.,Justin Timberlake|Dead And Gone",7IhsLJMqdxoo7YAZjaSMru,Dead And Gone,"T.I.,Justin Timberlake",Paper Trail,2008,135,47,71,75,4,-5,8B,1.7549420867641192,75
39,Paris Paloma|Good Boy,0zGedcOInQVyGKVPShTn2s,Good Boy,Paris Paloma,Good Boy,2025,124,36,63,78,20,-7,12B,1.7688075997000952,61
40,Hozier|Take Me to Church,1CS7Sd1u5tWkstBhpssyjP,Take Me to Church,Hozier,Hozier (Expanded Edition),2014,129,44,57,66,63,-5,9A,1.7811610609286477,82
41,"Eminem,Dina Rae|Superman",4woTEX1wYOTGDqNXuavlRC,Superman,"Eminem,Dina Rae",The Eminem Show,2002,130,58,80,76,2,-3,9A,1.7811828389843427,84
42,"Tate McRae,F1 The Album|Just Keep Watching (From F1® The Movie)",2yWlGEgEfPot0lv3OAjuG3,Just Keep Watching (From F1® The Movie),"Tate McRae,F1 The Album",Just Keep Watching (From F1® The Movie),2025,130,43,66,80,8,-6,8A,1.7882789210659067,89
43,Qveen Herby|THANK GODDESS,27IubiEgQJczAE6OC7PgmQ,THANK GODDESS,Qveen Herby,THE MUSE,2023,106,38,91,74,17,-5,8A,1.7905252928767126,53
44,Duran Duran|The Wild Boys,5qeLeyIWCPe1FpdJLQTUDW,The Wild Boys,Duran Duran,Decade,1989,116,59,74,84,41,-8,10A,1.7929501577526403,43
45,Black Eyed Peas|Sexy,3hX4oYznwMulMXCMeT6Ia9,Sexy,Black Eyed Peas,Elephunk,2003,130,56,65,65,6,-5,9B,1.7976709475837802,43
46,"Maroon 5,Kendrick Lamar|Don't Wanna Know",1nueTG77MzNkJTKQ0ZdGzT,Don't Wanna Know,"Maroon 5,Kendrick Lamar",Red Pill Blues (Deluxe),2018,0,0,0,0,0,0,,1.799492207469819,68
47,Nirvana|Lithium,2YodwKJnbPyNKe8XXSE9V7,Lithium,Nirvana,Nevermind (Remastered),1991,123,49,68,66,0,-6,9B,1.8062136023922892,75
48,"Nelly,Florida Georgia Line|Lil Bit",33aow0AcXYvT1FoWNzMcqN,Lil Bit,"Nelly,Florida Georgia Line",Heartland,2021,0,0,0,0,0,0,,1.8075890491454936,66
49,Goldie Boutilier|Cowboy Gangster Politician,2SeDdNjPvN3uwkolnG2ODi,Cowboy Gangster Politician,Goldie Boutilier,Cowboy Gangster Politician,2022,130,63,67,70,21,-7,9A,1.8307324118386372,70
50,"Lil Jon,3OH!3|Hey",5l9D0ugfAeQ6cgiYb2ay65,Hey,"Lil Jon,3OH!3",Crunk Rock (Deluxe),2010,132,51,69,76,0,-4,8B,1.84530851523622,43
